Epoch 2, Highest, Index: 5091, Value: 1.594       , Word: good
Epoch 2, Highest, Index: 9, Value: 1.361       , Word: $
Epoch 2, Highest, Index: 4904, Value: 1.331       , Word: friendly
Epoch 2, Highest, Index: 11128, Value: 1.275       , Word: went
Epoch 2, Highest, Index: 4392, Value: 1.226       , Word: excellent
Epoch 2, Highest, Index: 8106, Value: 1.187       , Word: price
Epoch 2, Highest, Index: 4795, Value: 1.185       , Word: food
Epoch 2, Highest, Index: 8307, Value: 1.137       , Word: quick
Epoch 2, Highest, Index: 2504, Value: 1.108       , Word: canada
Epoch 2, Highest, Index: 2147, Value: 1.086       , Word: beverages
Epoch 2, Lowest, Index: 10317, Value: -2.408      , Word: to
Epoch 2, Lowest, Index: 18, Value: -1.752      , Word: ,
Epoch 2, Lowest, Index: 19, Value: -1.163      , Word: .
Epoch 2, Lowest, Index: 10180, Value: -1.070      , Word: that
Epoch 2, Lowest, Index: 1783, Value: -1.024      , Word: at
Epoch 2, Lowest, Index: 5553, Value: -0.985      , Word: i
Epoch 2, Lowest, Index: 7273, Value: -0.900      , Word: not
Epoch 2, Lowest, Index: 7220, Value: -0.879      , Word: no
Epoch 2, Lowest, Index: 11070, Value: -0.840      , Word: we
Epoch 2, Lowest, Index: 10185, Value: -0.823      , Word: the
Epoch 4, Highest, Index: 5091, Value: 1.594       , Word: good
Epoch 4, Highest, Index: 4904, Value: 1.381       , Word: friendly
Epoch 4, Highest, Index: 4392, Value: 1.376       , Word: excellent
Epoch 4, Highest, Index: 11128, Value: 1.375       , Word: went
Epoch 4, Highest, Index: 9, Value: 1.311       , Word: $
Epoch 4, Highest, Index: 2504, Value: 1.258       , Word: canada
Epoch 4, Highest, Index: 8106, Value: 1.237       , Word: price
Epoch 4, Highest, Index: 4795, Value: 1.235       , Word: food
Epoch 4, Highest, Index: 3349, Value: 1.216       , Word: crew
Epoch 4, Highest, Index: 1551, Value: 1.142       , Word: angeles
Epoch 4, Lowest, Index: 10317, Value: -2.058      , Word: to
Epoch 4, Lowest, Index: 10185, Value: -1.523      , Word: the
Epoch 4, Lowest, Index: 7273, Value: -1.450      , Word: not
Epoch 4, Lowest, Index: 11070, Value: -1.440      , Word: we
Epoch 4, Lowest, Index: 1783, Value: -1.124      , Word: at
Epoch 4, Lowest, Index: 19, Value: -1.113      , Word: .
Epoch 4, Lowest, Index: 10180, Value: -1.070      , Word: that
Epoch 4, Lowest, Index: 7220, Value: -1.029      , Word: no
Epoch 4, Lowest, Index: 18, Value: -0.902      , Word: ,
Epoch 4, Lowest, Index: 4807, Value: -0.877      , Word: for
Epoch 6, Highest, Index: 5091, Value: 1.894       , Word: good
Epoch 6, Highest, Index: 4392, Value: 1.526       , Word: excellent
Epoch 6, Highest, Index: 2504, Value: 1.508       , Word: canada
Epoch 6, Highest, Index: 4904, Value: 1.481       , Word: friendly
Epoch 6, Highest, Index: 11128, Value: 1.475       , Word: went
Epoch 6, Highest, Index: 9, Value: 1.311       , Word: $
Epoch 6, Highest, Index: 8106, Value: 1.237       , Word: price
Epoch 6, Highest, Index: 1551, Value: 1.192       , Word: angeles
Epoch 6, Highest, Index: 4795, Value: 1.185       , Word: food
Epoch 6, Highest, Index: 2138, Value: 1.167       , Word: best
Epoch 6, Lowest, Index: 19, Value: -2.063      , Word: .
Epoch 6, Lowest, Index: 7273, Value: -1.850      , Word: not
Epoch 6, Lowest, Index: 10317, Value: -1.808      , Word: to
Epoch 6, Lowest, Index: 1783, Value: -1.224      , Word: at
Epoch 6, Lowest, Index: 7220, Value: -1.179      , Word: no
Epoch 6, Lowest, Index: 10185, Value: -1.123      , Word: the
Epoch 6, Lowest, Index: 10180, Value: -1.120      , Word: that
Epoch 6, Lowest, Index: 11070, Value: -1.040      , Word: we
Epoch 6, Lowest, Index: 7, Value: -0.941      , Word: "
Epoch 6, Lowest, Index: 4807, Value: -0.927      , Word: for
Epoch 8, Highest, Index: 5091, Value: 1.894       , Word: good
Epoch 8, Highest, Index: 4392, Value: 1.526       , Word: excellent
Epoch 8, Highest, Index: 2504, Value: 1.508       , Word: canada
Epoch 8, Highest, Index: 4904, Value: 1.481       , Word: friendly
Epoch 8, Highest, Index: 11128, Value: 1.475       , Word: went
Epoch 8, Highest, Index: 9, Value: 1.311       , Word: $
Epoch 8, Highest, Index: 8106, Value: 1.237       , Word: price
Epoch 8, Highest, Index: 1551, Value: 1.192       , Word: angeles
Epoch 8, Highest, Index: 4795, Value: 1.185       , Word: food
Epoch 8, Highest, Index: 2138, Value: 1.167       , Word: best
Epoch 8, Lowest, Index: 19, Value: -2.063      , Word: .
Epoch 8, Lowest, Index: 7273, Value: -1.850      , Word: not
Epoch 8, Lowest, Index: 10317, Value: -1.808      , Word: to
Epoch 8, Lowest, Index: 1783, Value: -1.224      , Word: at
Epoch 8, Lowest, Index: 7220, Value: -1.179      , Word: no
Epoch 8, Lowest, Index: 10185, Value: -1.123      , Word: the
Epoch 8, Lowest, Index: 10180, Value: -1.120      , Word: that
Epoch 8, Lowest, Index: 11070, Value: -1.040      , Word: we
Epoch 8, Lowest, Index: 7, Value: -0.941      , Word: "
Epoch 8, Lowest, Index: 4807, Value: -0.927      , Word: for
Epoch 10, Highest, Index: 5091, Value: 2.344       , Word: good
Epoch 10, Highest, Index: 4904, Value: 1.681       , Word: friendly
Epoch 10, Highest, Index: 4392, Value: 1.626       , Word: excellent
Epoch 10, Highest, Index: 2504, Value: 1.508       , Word: canada
Epoch 10, Highest, Index: 11128, Value: 1.475       , Word: went
Epoch 10, Highest, Index: 5369, Value: 1.411       , Word: helpful
Epoch 10, Highest, Index: 3349, Value: 1.366       , Word: crew
Epoch 10, Highest, Index: 8106, Value: 1.337       , Word: price
Epoch 10, Highest, Index: 4795, Value: 1.335       , Word: food
Epoch 10, Highest, Index: 1284, Value: 1.314       , Word: aeroflot
Epoch 10, Lowest, Index: 7273, Value: -2.300      , Word: not
Epoch 10, Lowest, Index: 10317, Value: -2.108      , Word: to
Epoch 10, Lowest, Index: 11070, Value: -2.040      , Word: we
Epoch 10, Lowest, Index: 4807, Value: -1.977      , Word: for
Epoch 10, Lowest, Index: 10208, Value: -1.810      , Word: they
Epoch 10, Lowest, Index: 10180, Value: -1.670      , Word: that
Epoch 10, Lowest, Index: 7220, Value: -1.629      , Word: no
Epoch 10, Lowest, Index: 1783, Value: -1.374      , Word: at
Epoch 10, Lowest, Index: 19, Value: -1.263      , Word: .
Epoch 10, Lowest, Index: 10332, Value: -1.158      , Word: told
Epoch 12, Highest, Index: 5091, Value: 2.394       , Word: good
Epoch 12, Highest, Index: 4904, Value: 1.831       , Word: friendly
Epoch 12, Highest, Index: 4392, Value: 1.726       , Word: excellent
Epoch 12, Highest, Index: 3349, Value: 1.616       , Word: crew
Epoch 12, Highest, Index: 2504, Value: 1.558       , Word: canada
Epoch 12, Highest, Index: 11128, Value: 1.475       , Word: went
Epoch 12, Highest, Index: 5369, Value: 1.461       , Word: helpful
Epoch 12, Highest, Index: 8106, Value: 1.387       , Word: price
Epoch 12, Highest, Index: 4795, Value: 1.335       , Word: food
Epoch 12, Highest, Index: 2138, Value: 1.317       , Word: best
Epoch 12, Lowest, Index: 4807, Value: -2.377      , Word: for
Epoch 12, Lowest, Index: 7273, Value: -2.350      , Word: not
Epoch 12, Lowest, Index: 11070, Value: -2.190      , Word: we
Epoch 12, Lowest, Index: 10317, Value: -2.058      , Word: to
Epoch 12, Lowest, Index: 10208, Value: -1.960      , Word: they
Epoch 12, Lowest, Index: 1783, Value: -1.874      , Word: at
Epoch 12, Lowest, Index: 10180, Value: -1.770      , Word: that
Epoch 12, Lowest, Index: 7220, Value: -1.679      , Word: no
Epoch 12, Lowest, Index: 5946, Value: -1.322      , Word: it
Epoch 12, Lowest, Index: 10332, Value: -1.258      , Word: told
Epoch 14, Highest, Index: 5091, Value: 2.644       , Word: good
Epoch 14, Highest, Index: 4904, Value: 1.931       , Word: friendly
Epoch 14, Highest, Index: 4392, Value: 1.826       , Word: excellent
Epoch 14, Highest, Index: 3349, Value: 1.766       , Word: crew
Epoch 14, Highest, Index: 2504, Value: 1.508       , Word: canada
Epoch 14, Highest, Index: 11128, Value: 1.475       , Word: went
Epoch 14, Highest, Index: 5369, Value: 1.461       , Word: helpful
Epoch 14, Highest, Index: 2941, Value: 1.413       , Word: comfortable
Epoch 14, Highest, Index: 4795, Value: 1.385       , Word: food
Epoch 14, Highest, Index: 2138, Value: 1.367       , Word: best
Epoch 14, Lowest, Index: 1783, Value: -2.424      , Word: at
Epoch 14, Lowest, Index: 7273, Value: -2.400      , Word: not
Epoch 14, Lowest, Index: 10208, Value: -2.160      , Word: they
Epoch 14, Lowest, Index: 10317, Value: -2.108      , Word: to
Epoch 14, Lowest, Index: 11070, Value: -2.090      , Word: we
Epoch 14, Lowest, Index: 4807, Value: -2.077      , Word: for
Epoch 14, Lowest, Index: 7220, Value: -1.679      , Word: no
Epoch 14, Lowest, Index: 18, Value: -1.602      , Word: ,
Epoch 14, Lowest, Index: 10180, Value: -1.570      , Word: that
Epoch 14, Lowest, Index: 10332, Value: -1.308      , Word: told
Epoch 16, Highest, Index: 5091, Value: 2.694       , Word: good
Epoch 16, Highest, Index: 4904, Value: 1.931       , Word: friendly
Epoch 16, Highest, Index: 4392, Value: 1.826       , Word: excellent
Epoch 16, Highest, Index: 11132, Value: 1.734       , Word: were
Epoch 16, Highest, Index: 3349, Value: 1.566       , Word: crew
Epoch 16, Highest, Index: 5369, Value: 1.511       , Word: helpful
Epoch 16, Highest, Index: 11128, Value: 1.475       , Word: went
Epoch 16, Highest, Index: 2504, Value: 1.458       , Word: canada
Epoch 16, Highest, Index: 2138, Value: 1.417       , Word: best
Epoch 16, Highest, Index: 2941, Value: 1.413       , Word: comfortable
Epoch 16, Lowest, Index: 7273, Value: -2.750      , Word: not
Epoch 16, Lowest, Index: 1783, Value: -2.424      , Word: at
Epoch 16, Lowest, Index: 10208, Value: -2.260      , Word: they
Epoch 16, Lowest, Index: 4807, Value: -2.177      , Word: for
Epoch 16, Lowest, Index: 10317, Value: -2.158      , Word: to
Epoch 16, Lowest, Index: 11070, Value: -1.890      , Word: we
Epoch 16, Lowest, Index: 7220, Value: -1.879      , Word: no
Epoch 16, Lowest, Index: 18, Value: -1.702      , Word: ,
Epoch 16, Lowest, Index: 10180, Value: -1.570      , Word: that
Epoch 16, Lowest, Index: 7471, Value: -1.382      , Word: or
Epoch 18, Highest, Index: 5091, Value: 2.694       , Word: good
Epoch 18, Highest, Index: 4904, Value: 1.931       , Word: friendly
Epoch 18, Highest, Index: 4392, Value: 1.826       , Word: excellent
Epoch 18, Highest, Index: 11132, Value: 1.734       , Word: were
Epoch 18, Highest, Index: 3349, Value: 1.566       , Word: crew
Epoch 18, Highest, Index: 5369, Value: 1.511       , Word: helpful
Epoch 18, Highest, Index: 11128, Value: 1.475       , Word: went
Epoch 18, Highest, Index: 2504, Value: 1.458       , Word: canada
Epoch 18, Highest, Index: 2138, Value: 1.417       , Word: best
Epoch 18, Highest, Index: 2941, Value: 1.413       , Word: comfortable
Epoch 18, Lowest, Index: 7273, Value: -2.750      , Word: not
Epoch 18, Lowest, Index: 1783, Value: -2.424      , Word: at
Epoch 18, Lowest, Index: 10208, Value: -2.260      , Word: they
Epoch 18, Lowest, Index: 4807, Value: -2.177      , Word: for
Epoch 18, Lowest, Index: 10317, Value: -2.158      , Word: to
Epoch 18, Lowest, Index: 11070, Value: -1.890      , Word: we
Epoch 18, Lowest, Index: 7220, Value: -1.879      , Word: no
Epoch 18, Lowest, Index: 18, Value: -1.702      , Word: ,
Epoch 18, Lowest, Index: 10180, Value: -1.570      , Word: that
Epoch 18, Lowest, Index: 7471, Value: -1.382      , Word: or
Epoch 20, Highest, Index: 5091, Value: 2.794       , Word: good
Epoch 20, Highest, Index: 4904, Value: 2.131       , Word: friendly
Epoch 20, Highest, Index: 4392, Value: 2.076       , Word: excellent
Epoch 20, Highest, Index: 3349, Value: 1.966       , Word: crew
Epoch 20, Highest, Index: 2941, Value: 1.813       , Word: comfortable
Epoch 20, Highest, Index: 11132, Value: 1.734       , Word: were
Epoch 20, Highest, Index: 2138, Value: 1.717       , Word: best
Epoch 20, Highest, Index: 4795, Value: 1.585       , Word: food
Epoch 20, Highest, Index: 2504, Value: 1.558       , Word: canada
Epoch 20, Highest, Index: 8400, Value: 1.541       , Word: really
Epoch 20, Lowest, Index: 10317, Value: -2.808      , Word: to
Epoch 20, Lowest, Index: 7273, Value: -2.800      , Word: not
Epoch 20, Lowest, Index: 1783, Value: -2.674      , Word: at
Epoch 20, Lowest, Index: 10208, Value: -2.260      , Word: they
Epoch 20, Lowest, Index: 7220, Value: -2.229      , Word: no
Epoch 20, Lowest, Index: 4807, Value: -1.827      , Word: for
Epoch 20, Lowest, Index: 10332, Value: -1.608      , Word: told
Epoch 20, Lowest, Index: 18, Value: -1.552      , Word: ,
Epoch 20, Lowest, Index: 7, Value: -1.541      , Word: "
Epoch 20, Lowest, Index: 7471, Value: -1.532      , Word: or
Epoch 22, Highest, Index: 5091, Value: 2.844       , Word: good
Epoch 22, Highest, Index: 4904, Value: 2.181       , Word: friendly
Epoch 22, Highest, Index: 4392, Value: 2.126       , Word: excellent
Epoch 22, Highest, Index: 3349, Value: 1.966       , Word: crew
Epoch 22, Highest, Index: 2941, Value: 1.813       , Word: comfortable
Epoch 22, Highest, Index: 2138, Value: 1.767       , Word: best
Epoch 22, Highest, Index: 2504, Value: 1.758       , Word: canada
Epoch 22, Highest, Index: 11132, Value: 1.634       , Word: were
Epoch 22, Highest, Index: 8400, Value: 1.591       , Word: really
Epoch 22, Highest, Index: 11128, Value: 1.575       , Word: went
Epoch 22, Lowest, Index: 7273, Value: -3.100      , Word: not
Epoch 22, Lowest, Index: 10317, Value: -2.708      , Word: to
Epoch 22, Lowest, Index: 1783, Value: -2.574      , Word: at
Epoch 22, Lowest, Index: 10208, Value: -2.510      , Word: they
Epoch 22, Lowest, Index: 7220, Value: -2.279      , Word: no
Epoch 22, Lowest, Index: 4807, Value: -1.827      , Word: for
Epoch 22, Lowest, Index: 10332, Value: -1.608      , Word: told
Epoch 22, Lowest, Index: 7, Value: -1.541      , Word: "
Epoch 22, Lowest, Index: 7471, Value: -1.332      , Word: or
Epoch 22, Lowest, Index: 5514, Value: -1.314      , Word: hours
Epoch 24, Highest, Index: 5091, Value: 2.844       , Word: good
Epoch 24, Highest, Index: 4904, Value: 2.181       , Word: friendly
Epoch 24, Highest, Index: 4392, Value: 2.126       , Word: excellent
Epoch 24, Highest, Index: 3349, Value: 1.966       , Word: crew
Epoch 24, Highest, Index: 2941, Value: 1.813       , Word: comfortable
Epoch 24, Highest, Index: 2138, Value: 1.767       , Word: best
Epoch 24, Highest, Index: 2504, Value: 1.758       , Word: canada
Epoch 24, Highest, Index: 11132, Value: 1.634       , Word: were
Epoch 24, Highest, Index: 8400, Value: 1.591       , Word: really
Epoch 24, Highest, Index: 11128, Value: 1.575       , Word: went
Epoch 24, Lowest, Index: 7273, Value: -3.100      , Word: not
Epoch 24, Lowest, Index: 10317, Value: -2.708      , Word: to
Epoch 24, Lowest, Index: 1783, Value: -2.574      , Word: at
Epoch 24, Lowest, Index: 10208, Value: -2.510      , Word: they
Epoch 24, Lowest, Index: 7220, Value: -2.279      , Word: no
Epoch 24, Lowest, Index: 4807, Value: -1.827      , Word: for
Epoch 24, Lowest, Index: 10332, Value: -1.608      , Word: told
Epoch 24, Lowest, Index: 7, Value: -1.541      , Word: "
Epoch 24, Lowest, Index: 7471, Value: -1.332      , Word: or
Epoch 24, Lowest, Index: 5514, Value: -1.314      , Word: hours
Epoch 26, Highest, Index: 5091, Value: 2.844       , Word: good
Epoch 26, Highest, Index: 4904, Value: 2.181       , Word: friendly
Epoch 26, Highest, Index: 4392, Value: 2.126       , Word: excellent
Epoch 26, Highest, Index: 3349, Value: 1.966       , Word: crew
Epoch 26, Highest, Index: 2941, Value: 1.813       , Word: comfortable
Epoch 26, Highest, Index: 2138, Value: 1.767       , Word: best
Epoch 26, Highest, Index: 2504, Value: 1.758       , Word: canada
Epoch 26, Highest, Index: 11132, Value: 1.634       , Word: were
Epoch 26, Highest, Index: 8400, Value: 1.591       , Word: really
Epoch 26, Highest, Index: 11128, Value: 1.575       , Word: went
Epoch 26, Lowest, Index: 7273, Value: -3.100      , Word: not
Epoch 26, Lowest, Index: 10317, Value: -2.708      , Word: to
Epoch 26, Lowest, Index: 1783, Value: -2.574      , Word: at
Epoch 26, Lowest, Index: 10208, Value: -2.510      , Word: they
Epoch 26, Lowest, Index: 7220, Value: -2.279      , Word: no
Epoch 26, Lowest, Index: 4807, Value: -1.827      , Word: for
Epoch 26, Lowest, Index: 10332, Value: -1.608      , Word: told
Epoch 26, Lowest, Index: 7, Value: -1.541      , Word: "
Epoch 26, Lowest, Index: 7471, Value: -1.332      , Word: or
Epoch 26, Lowest, Index: 5514, Value: -1.314      , Word: hours
Epoch 28, Highest, Index: 5091, Value: 2.844       , Word: good
Epoch 28, Highest, Index: 4904, Value: 2.181       , Word: friendly
Epoch 28, Highest, Index: 4392, Value: 2.126       , Word: excellent
Epoch 28, Highest, Index: 3349, Value: 1.966       , Word: crew
Epoch 28, Highest, Index: 2941, Value: 1.813       , Word: comfortable
Epoch 28, Highest, Index: 2138, Value: 1.767       , Word: best
Epoch 28, Highest, Index: 2504, Value: 1.758       , Word: canada
Epoch 28, Highest, Index: 11132, Value: 1.634       , Word: were
Epoch 28, Highest, Index: 8400, Value: 1.591       , Word: really
Epoch 28, Highest, Index: 11128, Value: 1.575       , Word: went
Epoch 28, Lowest, Index: 7273, Value: -3.100      , Word: not
Epoch 28, Lowest, Index: 10317, Value: -2.708      , Word: to
Epoch 28, Lowest, Index: 1783, Value: -2.574      , Word: at
Epoch 28, Lowest, Index: 10208, Value: -2.510      , Word: they
Epoch 28, Lowest, Index: 7220, Value: -2.279      , Word: no
Epoch 28, Lowest, Index: 4807, Value: -1.827      , Word: for
Epoch 28, Lowest, Index: 10332, Value: -1.608      , Word: told
Epoch 28, Lowest, Index: 7, Value: -1.541      , Word: "
Epoch 28, Lowest, Index: 7471, Value: -1.332      , Word: or
Epoch 28, Lowest, Index: 5514, Value: -1.314      , Word: hours
Epoch 30, Highest, Index: 5091, Value: 2.844       , Word: good
Epoch 30, Highest, Index: 4904, Value: 2.181       , Word: friendly
Epoch 30, Highest, Index: 4392, Value: 2.126       , Word: excellent
Epoch 30, Highest, Index: 3349, Value: 1.966       , Word: crew
Epoch 30, Highest, Index: 2941, Value: 1.813       , Word: comfortable
Epoch 30, Highest, Index: 2138, Value: 1.767       , Word: best
Epoch 30, Highest, Index: 2504, Value: 1.758       , Word: canada
Epoch 30, Highest, Index: 11132, Value: 1.634       , Word: were
Epoch 30, Highest, Index: 8400, Value: 1.591       , Word: really
Epoch 30, Highest, Index: 11128, Value: 1.575       , Word: went
Epoch 30, Lowest, Index: 7273, Value: -3.100      , Word: not
Epoch 30, Lowest, Index: 10317, Value: -2.708      , Word: to
Epoch 30, Lowest, Index: 1783, Value: -2.574      , Word: at
Epoch 30, Lowest, Index: 10208, Value: -2.510      , Word: they
Epoch 30, Lowest, Index: 7220, Value: -2.279      , Word: no
Epoch 30, Lowest, Index: 4807, Value: -1.827      , Word: for
Epoch 30, Lowest, Index: 10332, Value: -1.608      , Word: told
Epoch 30, Lowest, Index: 7, Value: -1.541      , Word: "
Epoch 30, Lowest, Index: 7471, Value: -1.332      , Word: or
Epoch 30, Lowest, Index: 5514, Value: -1.314      , Word: hours
Epoch 32, Highest, Index: 5091, Value: 2.894       , Word: good
Epoch 32, Highest, Index: 4904, Value: 2.481       , Word: friendly
Epoch 32, Highest, Index: 4392, Value: 2.276       , Word: excellent
Epoch 32, Highest, Index: 3349, Value: 2.066       , Word: crew
Epoch 32, Highest, Index: 2941, Value: 2.063       , Word: comfortable
Epoch 32, Highest, Index: 2504, Value: 1.958       , Word: canada
Epoch 32, Highest, Index: 2138, Value: 1.917       , Word: best
Epoch 32, Highest, Index: 10486, Value: 1.740       , Word: trip
Epoch 32, Highest, Index: 11132, Value: 1.734       , Word: were
Epoch 32, Highest, Index: 5369, Value: 1.661       , Word: helpful
Epoch 32, Lowest, Index: 7273, Value: -2.900      , Word: not
Epoch 32, Lowest, Index: 10208, Value: -2.760      , Word: they
Epoch 32, Lowest, Index: 7220, Value: -2.579      , Word: no
Epoch 32, Lowest, Index: 1783, Value: -2.324      , Word: at
Epoch 32, Lowest, Index: 10332, Value: -1.708      , Word: told
Epoch 32, Lowest, Index: 7, Value: -1.641      , Word: "
Epoch 32, Lowest, Index: 7471, Value: -1.582      , Word: or
Epoch 32, Lowest, Index: 4807, Value: -1.427      , Word: for
Epoch 32, Lowest, Index: 11348, Value: -1.403      , Word: you
Epoch 32, Lowest, Index: 7174, Value: -1.360      , Word: never
Epoch 34, Highest, Index: 5091, Value: 2.894       , Word: good
Epoch 34, Highest, Index: 4904, Value: 2.481       , Word: friendly
Epoch 34, Highest, Index: 4392, Value: 2.276       , Word: excellent
Epoch 34, Highest, Index: 3349, Value: 2.066       , Word: crew
Epoch 34, Highest, Index: 2941, Value: 2.063       , Word: comfortable
Epoch 34, Highest, Index: 2504, Value: 1.958       , Word: canada
Epoch 34, Highest, Index: 2138, Value: 1.917       , Word: best
Epoch 34, Highest, Index: 10486, Value: 1.740       , Word: trip
Epoch 34, Highest, Index: 11132, Value: 1.734       , Word: were
Epoch 34, Highest, Index: 5369, Value: 1.661       , Word: helpful
Epoch 34, Lowest, Index: 7273, Value: -2.900      , Word: not
Epoch 34, Lowest, Index: 10208, Value: -2.760      , Word: they
Epoch 34, Lowest, Index: 7220, Value: -2.579      , Word: no
Epoch 34, Lowest, Index: 1783, Value: -2.324      , Word: at
Epoch 34, Lowest, Index: 10332, Value: -1.708      , Word: told
Epoch 34, Lowest, Index: 7, Value: -1.641      , Word: "
Epoch 34, Lowest, Index: 7471, Value: -1.582      , Word: or
Epoch 34, Lowest, Index: 4807, Value: -1.427      , Word: for
Epoch 34, Lowest, Index: 11348, Value: -1.403      , Word: you
Epoch 34, Lowest, Index: 7174, Value: -1.360      , Word: never
Epoch 36, Highest, Index: 5091, Value: 2.894       , Word: good
Epoch 36, Highest, Index: 4904, Value: 2.481       , Word: friendly
Epoch 36, Highest, Index: 4392, Value: 2.276       , Word: excellent
Epoch 36, Highest, Index: 3349, Value: 2.066       , Word: crew
Epoch 36, Highest, Index: 2941, Value: 2.063       , Word: comfortable
Epoch 36, Highest, Index: 2504, Value: 1.958       , Word: canada
Epoch 36, Highest, Index: 2138, Value: 1.917       , Word: best
Epoch 36, Highest, Index: 10486, Value: 1.740       , Word: trip
Epoch 36, Highest, Index: 11132, Value: 1.734       , Word: were
Epoch 36, Highest, Index: 5369, Value: 1.661       , Word: helpful
Epoch 36, Lowest, Index: 7273, Value: -2.900      , Word: not
Epoch 36, Lowest, Index: 10208, Value: -2.760      , Word: they
Epoch 36, Lowest, Index: 7220, Value: -2.579      , Word: no
Epoch 36, Lowest, Index: 1783, Value: -2.324      , Word: at
Epoch 36, Lowest, Index: 10332, Value: -1.708      , Word: told
Epoch 36, Lowest, Index: 7, Value: -1.641      , Word: "
Epoch 36, Lowest, Index: 7471, Value: -1.582      , Word: or
Epoch 36, Lowest, Index: 4807, Value: -1.427      , Word: for
Epoch 36, Lowest, Index: 11348, Value: -1.403      , Word: you
Epoch 36, Lowest, Index: 7174, Value: -1.360      , Word: never
Epoch 38, Highest, Index: 5091, Value: 2.894       , Word: good
Epoch 38, Highest, Index: 4904, Value: 2.481       , Word: friendly
Epoch 38, Highest, Index: 4392, Value: 2.276       , Word: excellent
Epoch 38, Highest, Index: 3349, Value: 2.066       , Word: crew
Epoch 38, Highest, Index: 2941, Value: 2.063       , Word: comfortable
Epoch 38, Highest, Index: 2504, Value: 1.958       , Word: canada
Epoch 38, Highest, Index: 2138, Value: 1.917       , Word: best
Epoch 38, Highest, Index: 10486, Value: 1.740       , Word: trip
Epoch 38, Highest, Index: 11132, Value: 1.734       , Word: were
Epoch 38, Highest, Index: 5369, Value: 1.661       , Word: helpful
Epoch 38, Lowest, Index: 7273, Value: -2.900      , Word: not
Epoch 38, Lowest, Index: 10208, Value: -2.760      , Word: they
Epoch 38, Lowest, Index: 7220, Value: -2.579      , Word: no
Epoch 38, Lowest, Index: 1783, Value: -2.324      , Word: at
Epoch 38, Lowest, Index: 10332, Value: -1.708      , Word: told
Epoch 38, Lowest, Index: 7, Value: -1.641      , Word: "
Epoch 38, Lowest, Index: 7471, Value: -1.582      , Word: or
Epoch 38, Lowest, Index: 4807, Value: -1.427      , Word: for
Epoch 38, Lowest, Index: 11348, Value: -1.403      , Word: you
Epoch 38, Lowest, Index: 7174, Value: -1.360      , Word: never
Epoch 40, Highest, Index: 5091, Value: 2.894       , Word: good
Epoch 40, Highest, Index: 4904, Value: 2.481       , Word: friendly
Epoch 40, Highest, Index: 4392, Value: 2.276       , Word: excellent
Epoch 40, Highest, Index: 3349, Value: 2.066       , Word: crew
Epoch 40, Highest, Index: 2941, Value: 2.063       , Word: comfortable
Epoch 40, Highest, Index: 2504, Value: 1.958       , Word: canada
Epoch 40, Highest, Index: 2138, Value: 1.917       , Word: best
Epoch 40, Highest, Index: 10486, Value: 1.740       , Word: trip
Epoch 40, Highest, Index: 11132, Value: 1.734       , Word: were
Epoch 40, Highest, Index: 5369, Value: 1.661       , Word: helpful
Epoch 40, Lowest, Index: 7273, Value: -2.900      , Word: not
Epoch 40, Lowest, Index: 10208, Value: -2.760      , Word: they
Epoch 40, Lowest, Index: 7220, Value: -2.579      , Word: no
Epoch 40, Lowest, Index: 1783, Value: -2.324      , Word: at
Epoch 40, Lowest, Index: 10332, Value: -1.708      , Word: told
Epoch 40, Lowest, Index: 7, Value: -1.641      , Word: "
Epoch 40, Lowest, Index: 7471, Value: -1.582      , Word: or
Epoch 40, Lowest, Index: 4807, Value: -1.427      , Word: for
Epoch 40, Lowest, Index: 11348, Value: -1.403      , Word: you
Epoch 40, Lowest, Index: 7174, Value: -1.360      , Word: never
Epoch 42, Highest, Index: 5091, Value: 2.894       , Word: good
Epoch 42, Highest, Index: 4904, Value: 2.481       , Word: friendly
Epoch 42, Highest, Index: 4392, Value: 2.276       , Word: excellent
Epoch 42, Highest, Index: 3349, Value: 2.066       , Word: crew
Epoch 42, Highest, Index: 2941, Value: 2.063       , Word: comfortable
Epoch 42, Highest, Index: 2504, Value: 1.958       , Word: canada
Epoch 42, Highest, Index: 2138, Value: 1.917       , Word: best
Epoch 42, Highest, Index: 10486, Value: 1.740       , Word: trip
Epoch 42, Highest, Index: 11132, Value: 1.734       , Word: were
Epoch 42, Highest, Index: 5369, Value: 1.661       , Word: helpful
Epoch 42, Lowest, Index: 7273, Value: -2.900      , Word: not
Epoch 42, Lowest, Index: 10208, Value: -2.760      , Word: they
Epoch 42, Lowest, Index: 7220, Value: -2.579      , Word: no
Epoch 42, Lowest, Index: 1783, Value: -2.324      , Word: at
Epoch 42, Lowest, Index: 10332, Value: -1.708      , Word: told
Epoch 42, Lowest, Index: 7, Value: -1.641      , Word: "
Epoch 42, Lowest, Index: 7471, Value: -1.582      , Word: or
Epoch 42, Lowest, Index: 4807, Value: -1.427      , Word: for
Epoch 42, Lowest, Index: 11348, Value: -1.403      , Word: you
Epoch 42, Lowest, Index: 7174, Value: -1.360      , Word: never
Epoch 44, Highest, Index: 5091, Value: 2.894       , Word: good
Epoch 44, Highest, Index: 4904, Value: 2.481       , Word: friendly
Epoch 44, Highest, Index: 4392, Value: 2.276       , Word: excellent
Epoch 44, Highest, Index: 3349, Value: 2.066       , Word: crew
Epoch 44, Highest, Index: 2941, Value: 2.063       , Word: comfortable
Epoch 44, Highest, Index: 2504, Value: 1.958       , Word: canada
Epoch 44, Highest, Index: 2138, Value: 1.917       , Word: best
Epoch 44, Highest, Index: 10486, Value: 1.740       , Word: trip
Epoch 44, Highest, Index: 11132, Value: 1.734       , Word: were
Epoch 44, Highest, Index: 5369, Value: 1.661       , Word: helpful
Epoch 44, Lowest, Index: 7273, Value: -2.900      , Word: not
Epoch 44, Lowest, Index: 10208, Value: -2.760      , Word: they
Epoch 44, Lowest, Index: 7220, Value: -2.579      , Word: no
Epoch 44, Lowest, Index: 1783, Value: -2.324      , Word: at
Epoch 44, Lowest, Index: 10332, Value: -1.708      , Word: told
Epoch 44, Lowest, Index: 7, Value: -1.641      , Word: "
Epoch 44, Lowest, Index: 7471, Value: -1.582      , Word: or
Epoch 44, Lowest, Index: 4807, Value: -1.427      , Word: for
Epoch 44, Lowest, Index: 11348, Value: -1.403      , Word: you
Epoch 44, Lowest, Index: 7174, Value: -1.360      , Word: never
Epoch 46, Highest, Index: 5091, Value: 2.894       , Word: good
Epoch 46, Highest, Index: 4904, Value: 2.481       , Word: friendly
Epoch 46, Highest, Index: 4392, Value: 2.276       , Word: excellent
Epoch 46, Highest, Index: 3349, Value: 2.066       , Word: crew
Epoch 46, Highest, Index: 2941, Value: 2.063       , Word: comfortable
Epoch 46, Highest, Index: 2504, Value: 1.958       , Word: canada
Epoch 46, Highest, Index: 2138, Value: 1.917       , Word: best
Epoch 46, Highest, Index: 10486, Value: 1.740       , Word: trip
Epoch 46, Highest, Index: 11132, Value: 1.734       , Word: were
Epoch 46, Highest, Index: 5369, Value: 1.661       , Word: helpful
Epoch 46, Lowest, Index: 7273, Value: -2.900      , Word: not
Epoch 46, Lowest, Index: 10208, Value: -2.760      , Word: they
Epoch 46, Lowest, Index: 7220, Value: -2.579      , Word: no
Epoch 46, Lowest, Index: 1783, Value: -2.324      , Word: at
Epoch 46, Lowest, Index: 10332, Value: -1.708      , Word: told
Epoch 46, Lowest, Index: 7, Value: -1.641      , Word: "
Epoch 46, Lowest, Index: 7471, Value: -1.582      , Word: or
Epoch 46, Lowest, Index: 4807, Value: -1.427      , Word: for
Epoch 46, Lowest, Index: 11348, Value: -1.403      , Word: you
Epoch 46, Lowest, Index: 7174, Value: -1.360      , Word: never
Epoch 48, Highest, Index: 5091, Value: 2.894       , Word: good
Epoch 48, Highest, Index: 4904, Value: 2.481       , Word: friendly
Epoch 48, Highest, Index: 4392, Value: 2.276       , Word: excellent
Epoch 48, Highest, Index: 3349, Value: 2.066       , Word: crew
Epoch 48, Highest, Index: 2941, Value: 2.063       , Word: comfortable
Epoch 48, Highest, Index: 2504, Value: 1.958       , Word: canada
Epoch 48, Highest, Index: 2138, Value: 1.917       , Word: best
Epoch 48, Highest, Index: 10486, Value: 1.740       , Word: trip
Epoch 48, Highest, Index: 11132, Value: 1.734       , Word: were
Epoch 48, Highest, Index: 5369, Value: 1.661       , Word: helpful
Epoch 48, Lowest, Index: 7273, Value: -2.900      , Word: not
Epoch 48, Lowest, Index: 10208, Value: -2.760      , Word: they
Epoch 48, Lowest, Index: 7220, Value: -2.579      , Word: no
Epoch 48, Lowest, Index: 1783, Value: -2.324      , Word: at
Epoch 48, Lowest, Index: 10332, Value: -1.708      , Word: told
Epoch 48, Lowest, Index: 7, Value: -1.641      , Word: "
Epoch 48, Lowest, Index: 7471, Value: -1.582      , Word: or
Epoch 48, Lowest, Index: 4807, Value: -1.427      , Word: for
Epoch 48, Lowest, Index: 11348, Value: -1.403      , Word: you
Epoch 48, Lowest, Index: 7174, Value: -1.360      , Word: never
Epoch 50, Highest, Index: 5091, Value: 2.894       , Word: good
Epoch 50, Highest, Index: 4904, Value: 2.481       , Word: friendly
Epoch 50, Highest, Index: 4392, Value: 2.276       , Word: excellent
Epoch 50, Highest, Index: 3349, Value: 2.066       , Word: crew
Epoch 50, Highest, Index: 2941, Value: 2.063       , Word: comfortable
Epoch 50, Highest, Index: 2504, Value: 1.958       , Word: canada
Epoch 50, Highest, Index: 2138, Value: 1.917       , Word: best
Epoch 50, Highest, Index: 10486, Value: 1.740       , Word: trip
Epoch 50, Highest, Index: 11132, Value: 1.734       , Word: were
Epoch 50, Highest, Index: 5369, Value: 1.661       , Word: helpful
Epoch 50, Lowest, Index: 7273, Value: -2.900      , Word: not
Epoch 50, Lowest, Index: 10208, Value: -2.760      , Word: they
Epoch 50, Lowest, Index: 7220, Value: -2.579      , Word: no
Epoch 50, Lowest, Index: 1783, Value: -2.324      , Word: at
Epoch 50, Lowest, Index: 10332, Value: -1.708      , Word: told
Epoch 50, Lowest, Index: 7, Value: -1.641      , Word: "
Epoch 50, Lowest, Index: 7471, Value: -1.582      , Word: or
Epoch 50, Lowest, Index: 4807, Value: -1.427      , Word: for
Epoch 50, Lowest, Index: 11348, Value: -1.403      , Word: you
Epoch 50, Lowest, Index: 7174, Value: -1.360      , Word: never
Epoch 52, Highest, Index: 5091, Value: 2.894       , Word: good
Epoch 52, Highest, Index: 4904, Value: 2.481       , Word: friendly
Epoch 52, Highest, Index: 4392, Value: 2.276       , Word: excellent
Epoch 52, Highest, Index: 3349, Value: 2.066       , Word: crew
Epoch 52, Highest, Index: 2941, Value: 2.063       , Word: comfortable
Epoch 52, Highest, Index: 2504, Value: 1.958       , Word: canada
Epoch 52, Highest, Index: 2138, Value: 1.917       , Word: best
Epoch 52, Highest, Index: 10486, Value: 1.740       , Word: trip
Epoch 52, Highest, Index: 11132, Value: 1.734       , Word: were
Epoch 52, Highest, Index: 5369, Value: 1.661       , Word: helpful
Epoch 52, Lowest, Index: 7273, Value: -2.900      , Word: not
Epoch 52, Lowest, Index: 10208, Value: -2.760      , Word: they
Epoch 52, Lowest, Index: 7220, Value: -2.579      , Word: no
Epoch 52, Lowest, Index: 1783, Value: -2.324      , Word: at
Epoch 52, Lowest, Index: 10332, Value: -1.708      , Word: told
Epoch 52, Lowest, Index: 7, Value: -1.641      , Word: "
Epoch 52, Lowest, Index: 7471, Value: -1.582      , Word: or
Epoch 52, Lowest, Index: 4807, Value: -1.427      , Word: for
Epoch 52, Lowest, Index: 11348, Value: -1.403      , Word: you
Epoch 52, Lowest, Index: 7174, Value: -1.360      , Word: never
Epoch 54, Highest, Index: 5091, Value: 2.894       , Word: good
Epoch 54, Highest, Index: 4904, Value: 2.481       , Word: friendly
Epoch 54, Highest, Index: 4392, Value: 2.276       , Word: excellent
Epoch 54, Highest, Index: 3349, Value: 2.066       , Word: crew
Epoch 54, Highest, Index: 2941, Value: 2.063       , Word: comfortable
Epoch 54, Highest, Index: 2504, Value: 1.958       , Word: canada
Epoch 54, Highest, Index: 2138, Value: 1.917       , Word: best
Epoch 54, Highest, Index: 10486, Value: 1.740       , Word: trip
Epoch 54, Highest, Index: 11132, Value: 1.734       , Word: were
Epoch 54, Highest, Index: 5369, Value: 1.661       , Word: helpful
Epoch 54, Lowest, Index: 7273, Value: -2.900      , Word: not
Epoch 54, Lowest, Index: 10208, Value: -2.760      , Word: they
Epoch 54, Lowest, Index: 7220, Value: -2.579      , Word: no
Epoch 54, Lowest, Index: 1783, Value: -2.324      , Word: at
Epoch 54, Lowest, Index: 10332, Value: -1.708      , Word: told
Epoch 54, Lowest, Index: 7, Value: -1.641      , Word: "
Epoch 54, Lowest, Index: 7471, Value: -1.582      , Word: or
Epoch 54, Lowest, Index: 4807, Value: -1.427      , Word: for
Epoch 54, Lowest, Index: 11348, Value: -1.403      , Word: you
Epoch 54, Lowest, Index: 7174, Value: -1.360      , Word: never
Epoch 56, Highest, Index: 5091, Value: 2.894       , Word: good
Epoch 56, Highest, Index: 4904, Value: 2.481       , Word: friendly
Epoch 56, Highest, Index: 4392, Value: 2.276       , Word: excellent
Epoch 56, Highest, Index: 3349, Value: 2.066       , Word: crew
Epoch 56, Highest, Index: 2941, Value: 2.063       , Word: comfortable
Epoch 56, Highest, Index: 2504, Value: 1.958       , Word: canada
Epoch 56, Highest, Index: 2138, Value: 1.917       , Word: best
Epoch 56, Highest, Index: 10486, Value: 1.740       , Word: trip
Epoch 56, Highest, Index: 11132, Value: 1.734       , Word: were
Epoch 56, Highest, Index: 5369, Value: 1.661       , Word: helpful
Epoch 56, Lowest, Index: 7273, Value: -2.900      , Word: not
Epoch 56, Lowest, Index: 10208, Value: -2.760      , Word: they
Epoch 56, Lowest, Index: 7220, Value: -2.579      , Word: no
Epoch 56, Lowest, Index: 1783, Value: -2.324      , Word: at
Epoch 56, Lowest, Index: 10332, Value: -1.708      , Word: told
Epoch 56, Lowest, Index: 7, Value: -1.641      , Word: "
Epoch 56, Lowest, Index: 7471, Value: -1.582      , Word: or
Epoch 56, Lowest, Index: 4807, Value: -1.427      , Word: for
Epoch 56, Lowest, Index: 11348, Value: -1.403      , Word: you
Epoch 56, Lowest, Index: 7174, Value: -1.360      , Word: never
Epoch 58, Highest, Index: 5091, Value: 2.894       , Word: good
Epoch 58, Highest, Index: 4904, Value: 2.481       , Word: friendly
Epoch 58, Highest, Index: 4392, Value: 2.276       , Word: excellent
Epoch 58, Highest, Index: 3349, Value: 2.066       , Word: crew
Epoch 58, Highest, Index: 2941, Value: 2.063       , Word: comfortable
Epoch 58, Highest, Index: 2504, Value: 1.958       , Word: canada
Epoch 58, Highest, Index: 2138, Value: 1.917       , Word: best
Epoch 58, Highest, Index: 10486, Value: 1.740       , Word: trip
Epoch 58, Highest, Index: 11132, Value: 1.734       , Word: were
Epoch 58, Highest, Index: 5369, Value: 1.661       , Word: helpful
Epoch 58, Lowest, Index: 7273, Value: -2.900      , Word: not
Epoch 58, Lowest, Index: 10208, Value: -2.760      , Word: they
Epoch 58, Lowest, Index: 7220, Value: -2.579      , Word: no
Epoch 58, Lowest, Index: 1783, Value: -2.324      , Word: at
Epoch 58, Lowest, Index: 10332, Value: -1.708      , Word: told
Epoch 58, Lowest, Index: 7, Value: -1.641      , Word: "
Epoch 58, Lowest, Index: 7471, Value: -1.582      , Word: or
Epoch 58, Lowest, Index: 4807, Value: -1.427      , Word: for
Epoch 58, Lowest, Index: 11348, Value: -1.403      , Word: you
Epoch 58, Lowest, Index: 7174, Value: -1.360      , Word: never
Epoch 60, Highest, Index: 5091, Value: 3.344       , Word: good
Epoch 60, Highest, Index: 3349, Value: 2.866       , Word: crew
Epoch 60, Highest, Index: 4904, Value: 2.781       , Word: friendly
Epoch 60, Highest, Index: 4392, Value: 2.776       , Word: excellent
Epoch 60, Highest, Index: 2138, Value: 2.417       , Word: best
Epoch 60, Highest, Index: 2941, Value: 2.363       , Word: comfortable
Epoch 60, Highest, Index: 5369, Value: 2.161       , Word: helpful
Epoch 60, Highest, Index: 5129, Value: 2.095       , Word: great
Epoch 60, Highest, Index: 2819, Value: 2.002       , Word: clean
Epoch 60, Highest, Index: 10171, Value: 1.944       , Word: thank
Epoch 60, Lowest, Index: 7220, Value: -3.079      , Word: no
Epoch 60, Lowest, Index: 7273, Value: -2.850      , Word: not
Epoch 60, Lowest, Index: 10208, Value: -2.560      , Word: they
Epoch 60, Lowest, Index: 7, Value: -2.191      , Word: "
Epoch 60, Lowest, Index: 5514, Value: -2.164      , Word: hours
Epoch 60, Lowest, Index: 10332, Value: -1.858      , Word: told
Epoch 60, Lowest, Index: 7471, Value: -1.732      , Word: or
Epoch 60, Lowest, Index: 7174, Value: -1.710      , Word: never
Epoch 60, Lowest, Index: 1783, Value: -1.674      , Word: at
Epoch 60, Lowest, Index: 3414, Value: -1.611      , Word: customer
Epoch 62, Highest, Index: 5091, Value: 3.344       , Word: good
Epoch 62, Highest, Index: 3349, Value: 2.866       , Word: crew
Epoch 62, Highest, Index: 4904, Value: 2.781       , Word: friendly
Epoch 62, Highest, Index: 4392, Value: 2.776       , Word: excellent
Epoch 62, Highest, Index: 2138, Value: 2.417       , Word: best
Epoch 62, Highest, Index: 2941, Value: 2.363       , Word: comfortable
Epoch 62, Highest, Index: 5369, Value: 2.161       , Word: helpful
Epoch 62, Highest, Index: 5129, Value: 2.095       , Word: great
Epoch 62, Highest, Index: 1284, Value: 2.014       , Word: aeroflot
Epoch 62, Highest, Index: 2819, Value: 2.002       , Word: clean
Epoch 62, Lowest, Index: 7220, Value: -3.179      , Word: no
Epoch 62, Lowest, Index: 7273, Value: -2.900      , Word: not
Epoch 62, Lowest, Index: 10208, Value: -2.710      , Word: they
Epoch 62, Lowest, Index: 5514, Value: -2.214      , Word: hours
Epoch 62, Lowest, Index: 7, Value: -2.191      , Word: "
Epoch 62, Lowest, Index: 10332, Value: -1.858      , Word: told
Epoch 62, Lowest, Index: 1783, Value: -1.824      , Word: at
Epoch 62, Lowest, Index: 7471, Value: -1.732      , Word: or
Epoch 62, Lowest, Index: 7174, Value: -1.660      , Word: never
Epoch 62, Lowest, Index: 3414, Value: -1.611      , Word: customer
Epoch 64, Highest, Index: 5091, Value: 3.344       , Word: good
Epoch 64, Highest, Index: 3349, Value: 2.866       , Word: crew
Epoch 64, Highest, Index: 4904, Value: 2.781       , Word: friendly
Epoch 64, Highest, Index: 4392, Value: 2.776       , Word: excellent
Epoch 64, Highest, Index: 2138, Value: 2.417       , Word: best
Epoch 64, Highest, Index: 2941, Value: 2.363       , Word: comfortable
Epoch 64, Highest, Index: 5369, Value: 2.161       , Word: helpful
Epoch 64, Highest, Index: 5129, Value: 2.095       , Word: great
Epoch 64, Highest, Index: 1284, Value: 2.014       , Word: aeroflot
Epoch 64, Highest, Index: 2819, Value: 2.002       , Word: clean
Epoch 64, Lowest, Index: 7220, Value: -3.179      , Word: no
Epoch 64, Lowest, Index: 7273, Value: -2.900      , Word: not
Epoch 64, Lowest, Index: 10208, Value: -2.710      , Word: they
Epoch 64, Lowest, Index: 5514, Value: -2.214      , Word: hours
Epoch 64, Lowest, Index: 7, Value: -2.191      , Word: "
Epoch 64, Lowest, Index: 10332, Value: -1.858      , Word: told
Epoch 64, Lowest, Index: 1783, Value: -1.824      , Word: at
Epoch 64, Lowest, Index: 7471, Value: -1.732      , Word: or
Epoch 64, Lowest, Index: 7174, Value: -1.660      , Word: never
Epoch 64, Lowest, Index: 3414, Value: -1.611      , Word: customer
Epoch 66, Highest, Index: 5091, Value: 3.344       , Word: good
Epoch 66, Highest, Index: 3349, Value: 2.866       , Word: crew
Epoch 66, Highest, Index: 4904, Value: 2.781       , Word: friendly
Epoch 66, Highest, Index: 4392, Value: 2.776       , Word: excellent
Epoch 66, Highest, Index: 2138, Value: 2.417       , Word: best
Epoch 66, Highest, Index: 2941, Value: 2.363       , Word: comfortable
Epoch 66, Highest, Index: 5369, Value: 2.161       , Word: helpful
Epoch 66, Highest, Index: 5129, Value: 2.095       , Word: great
Epoch 66, Highest, Index: 1284, Value: 2.014       , Word: aeroflot
Epoch 66, Highest, Index: 2819, Value: 2.002       , Word: clean
Epoch 66, Lowest, Index: 7220, Value: -3.179      , Word: no
Epoch 66, Lowest, Index: 7273, Value: -2.900      , Word: not
Epoch 66, Lowest, Index: 10208, Value: -2.710      , Word: they
Epoch 66, Lowest, Index: 5514, Value: -2.214      , Word: hours
Epoch 66, Lowest, Index: 7, Value: -2.191      , Word: "
Epoch 66, Lowest, Index: 10332, Value: -1.858      , Word: told
Epoch 66, Lowest, Index: 1783, Value: -1.824      , Word: at
Epoch 66, Lowest, Index: 7471, Value: -1.732      , Word: or
Epoch 66, Lowest, Index: 7174, Value: -1.660      , Word: never
Epoch 66, Lowest, Index: 3414, Value: -1.611      , Word: customer
Epoch 68, Highest, Index: 5091, Value: 3.344       , Word: good
Epoch 68, Highest, Index: 4904, Value: 2.781       , Word: friendly
Epoch 68, Highest, Index: 4392, Value: 2.726       , Word: excellent
Epoch 68, Highest, Index: 3349, Value: 2.716       , Word: crew
Epoch 68, Highest, Index: 2138, Value: 2.517       , Word: best
Epoch 68, Highest, Index: 2941, Value: 2.363       , Word: comfortable
Epoch 68, Highest, Index: 2504, Value: 2.208       , Word: canada
Epoch 68, Highest, Index: 5369, Value: 2.161       , Word: helpful
Epoch 68, Highest, Index: 5129, Value: 2.145       , Word: great
Epoch 68, Highest, Index: 10171, Value: 2.044       , Word: thank
Epoch 68, Lowest, Index: 7220, Value: -3.029      , Word: no
Epoch 68, Lowest, Index: 7273, Value: -2.800      , Word: not
Epoch 68, Lowest, Index: 10208, Value: -2.410      , Word: they
Epoch 68, Lowest, Index: 5514, Value: -2.314      , Word: hours
Epoch 68, Lowest, Index: 7, Value: -2.191      , Word: "
Epoch 68, Lowest, Index: 10332, Value: -1.908      , Word: told
Epoch 68, Lowest, Index: 7471, Value: -1.832      , Word: or
Epoch 68, Lowest, Index: 1783, Value: -1.774      , Word: at
Epoch 68, Lowest, Index: 7174, Value: -1.710      , Word: never
Epoch 68, Lowest, Index: 11286, Value: -1.495      , Word: worst
Epoch 70, Highest, Index: 5091, Value: 3.344       , Word: good
Epoch 70, Highest, Index: 4904, Value: 2.781       , Word: friendly
Epoch 70, Highest, Index: 4392, Value: 2.726       , Word: excellent
Epoch 70, Highest, Index: 3349, Value: 2.716       , Word: crew
Epoch 70, Highest, Index: 2138, Value: 2.517       , Word: best
Epoch 70, Highest, Index: 2941, Value: 2.363       , Word: comfortable
Epoch 70, Highest, Index: 2504, Value: 2.208       , Word: canada
Epoch 70, Highest, Index: 5369, Value: 2.161       , Word: helpful
Epoch 70, Highest, Index: 5129, Value: 2.145       , Word: great
Epoch 70, Highest, Index: 10171, Value: 2.044       , Word: thank
Epoch 70, Lowest, Index: 7220, Value: -3.029      , Word: no
Epoch 70, Lowest, Index: 7273, Value: -2.800      , Word: not
Epoch 70, Lowest, Index: 10208, Value: -2.410      , Word: they
Epoch 70, Lowest, Index: 5514, Value: -2.314      , Word: hours
Epoch 70, Lowest, Index: 7, Value: -2.191      , Word: "
Epoch 70, Lowest, Index: 10332, Value: -1.908      , Word: told
Epoch 70, Lowest, Index: 7471, Value: -1.832      , Word: or
Epoch 70, Lowest, Index: 1783, Value: -1.774      , Word: at
Epoch 70, Lowest, Index: 7174, Value: -1.710      , Word: never
Epoch 70, Lowest, Index: 11286, Value: -1.495      , Word: worst
